temperature_2_m_above_gnd,relative_humidity_2_m_above_gnd,mean_sea_level_pressure_MSL,total_precipitation_sfc,snowfall_amount_sfc,total_cloud_cover_sfc,high_cloud_cover_high_cld_lay,medium_cloud_cover_mid_cld_lay,low_cloud_cover_low_cld_lay,shortwave_radiation_backwards_sfc,wind_speed_10_m_above_gnd,wind_direction_10_m_above_gnd,wind_speed_80_m_above_gnd,wind_direction_80_m_above_gnd,wind_speed_900_mb,wind_direction_900_mb,wind_gust_10_m_above_gnd,angle_of_incidence,zenith,azimuth,generated_power_kw
2.17,31,1035.0,0.0,0.0,0.0,0,0,0,0.0,6.37,312.71,9.36,22.62,6.62,337.62,24.48,58.753108,83.237322,128.33543,454.10095
2.31,27,1035.1,0.0,0.0,0.0,0,0,0,1.78,5.15,294.78,5.99,32.74,4.61,321.34,21.96,45.408585,75.143041,139.6553,1411.9994
3.65,33,1035.4,0.0,0.0,0.0,0,0,0,108.58,4.68,270.0,3.89,56.31,3.76,286.7,14.04,32.848282,68.820648,152.53769,2214.8493
5.82,30,1035.4,0.0,0.0,0.0,0,0,0,258.1,3.6,323.13,3.55,23.96,3.08,339.44,19.8,22.699288,64.883536,166.90159,2527.6092
7.73,27,1034.4,0.0,0.0,0.0,0,0,0,375.58,6.21,10.01,6.76,25.2,6.62,22.38,16.56,19.199908,63.795208,182.13526,2640.2034
8.69,29,1034.6,0.0,0.0,0.0,0,0,0,449.45,6.29,23.63,7.1,30.47,6.92,27.9,17.28,25.088167,65.70086,197.22062,2546.0816
9.72,27,1034.0,0.0,0.0,0.0,0,0,0,469.92,5.96,25.02,6.61,29.36,6.44,26.57,12.96,36.197514,70.351498,211.21422,2270.3207
10.07,28,1034.1,0.0,0.0,0.0,0,0,0,436.99,7.07,14.74,7.63,19.29,7.52,16.7,10.8,49.073008,77.228779,223.65641,1063.8302
9.38,32,1033.9,0.0,0.0,0.0,0,0,0,353.33,9.42,6.58,10.5,5.91,10.14,6.12,11.52,62.37114,85.585411,234.50308,86.817611
6.54,47,1035.1,0.0,0.0,0.0,0,0,0,228.73,7.92,360.0,12.25,1.68,11.53,1.79,12.24,105.86656,121.46318,216.06756,9.6666667
2.18,24,1038.5,0.0,0.0,0.9,3,0,0,0.0,7.15,229.09,5.77,93.58,2.31,141.34,19.08,58.845824,83.242237,128.19736,513.90842
2.41,25,1038.4,0.0,0.0,1.8,6,0,0,2.67,7.7,232.59,5.04,90.0,1.94,158.2,18.36,45.485379,75.128751,139.51405,1076.7197
4.21,33,1039.3,0.0,0.0,0.0,0,0,0,113.92,6.49,236.31,3.6,90.0,1.94,111.8,16.92,32.896851,68.783811,152.39916,1018.7148
6.9,36,1039.0,0.0,0.0,0.0,0,0,0,255.43,3.96,270.0,4.58,45.0,4.33,41.63,15.48,22.691118,64.819803,166.76722,2307.0852
9.29,30,1037.6,0.0,0.0,0.9,3,0,0,380.03,6.49,19.44,7.9,30.07,8.22,28.81,15.84,19.107739,63.706944,182.12489,2261.3353
11.86,26,1036.5,0.0,0.0,100.0,100,100,0,400.5,5.69,18.43,6.3,30.96,6.3,30.96,9.72,24.953054,65.591365,197.12913,1706.41
12.47,26,1036.5,0.0,0.0,100.0,100,100,0,415.63,9.11,18.43,9.69,21.8,9.69,21.8,10.08,36.063181,70.227766,211.15002,1385.8102
11.99,30,1036.7,0.0,0.0,100.0,100,100,0,387.15,10.83,15.42,11.38,18.43,11.38,18.43,11.88,48.947246,77.097036,223.61621,547.77553
11.32,33,1036.5,0.0,0.0,100.0,100,100,0,333.75,10.93,17.24,11.63,21.8,11.63,21.8,12.6,62.1479,85.381751,234.39741,61.566961
3.77,35,1039.1,0.0,0.0,0.0,0,0,0,0.0,6.99,235.49,12.72,295.11,12.25,294.3,7.2,58.9765,83.267328,128.02444,419.20845
4.01,36,1039.6,0.0,0.0,38.0,0,38,0,2.67,6.83,251.57,14.01,295.91,13.85,294.57,7.56,45.55898,75.107523,139.36964,1371.9036
6.66,34,1039.7,0.0,0.0,62.0,0,62,0,111.25,5.41,266.19,12.48,303.23,12.48,303.23,7.56,32.941458,68.737737,152.25258,2154.5695
9.29,40,1038.3,0.0,0.0,49.0,0,49,0,256.32,2.97,284.04,9.96,310.6,10.23,309.29,5.76,22.67679,64.748514,166.63244,2456.0311
12.26,33,1037.5,0.0,0.0,29.0,0,29,0,369.35,4.84,318.01,5.69,325.3,5.69,325.3,5.76,19.004469,63.610054,181.90286,2536.1985
13.77,30,1036.6,0.0,0.0,5.1,17,0,0,441.44,5.51,348.69,6.16,353.29,6.16,353.29,6.12,24.813234,65.474867,197.04081,2462.3889
14.43,30,1036.6,0.0,0.0,2.1,7,0,0,461.02,7.59,354.56,8.28,360.0,8.28,360.0,7.92,35.926593,70.097733,211.09034,2202.6894
14.58,30,1036.4,0.0,0.0,5.1,17,0,0,430.76,9.01,357.71,10.08,360.0,10.08,360.0,10.08,48.820772,76.959788,223.58144,1046.8986
14.04,32,1036.6,0.0,0.0,2.4,8,0,0,352.44,9.37,357.8,10.44,360.0,10.44,360.0,11.16,62.14581,85.32007,234.4662,88.940216
4.25,30,1038.8,0.0,0.0,0.0,0,0,0,0.0,6.61,209.36,3.42,71.57,2.9,82.87,1.08,59.024684,83.232999,127.90935,418.46229
4.28,31,1038.6,0.0,0.0,0.0,0,0,0,1.78,6.3,210.96,4.35,65.56,3.08,69.44,2.16,45.734575,75.136798,139.12312,1300.4193
5.76,35,1038.4,0.0,0.0,0.0,0,0,0,104.13,5.5,211.61,5.01,68.96,4.1,74.74,9.0,32.981515,68.685423,152.10722,2143.0744
8.47,40,1037.1,0.0,0.0,0.0,0,0,0,250.09,1.8,233.13,5.15,65.22,4.35,65.56,5.4,22.656758,64.669873,166.49739,2436.7275
11.34,33,1035.3,0.0,0.0,0.0,0,0,0,366.68,2.9,29.74,4.07,45.0,4.07,45.0,7.2,18.896941,63.506526,181.78886,2534.3489
12.25,29,1034.3,0.0,0.0,0.0,0,0,0,435.21,7.79,33.69,8.44,39.81,8.44,39.81,9.0,24.669091,65.351595,196.95568,2477.8934
12.6,30,1033.5,0.0,0.0,0.0,0,0,0,455.68,9.51,29.48,10.19,32.01,10.19,32.01,9.0,35.787961,69.961609,211.03516,2206.8945
12.66,31,1033.5,0.0,0.0,0.0,0,0,0,425.42,6.7,36.25,7.15,40.91,7.15,40.91,6.84,48.693732,76.817213,223.55205,1040.8729
12.4,33,1032.7,0.0,0.0,0.0,0,0,0,345.32,7.59,31.43,8.29,34.38,8.29,34.38,6.48,62.033585,85.180199,234.45672,93.423875
1.92,73,1034.2,0.0,0.0,0.0,0,0,0,0.0,15.48,178.67,31.7,178.05,21.25,178.06,22.32,59.11072,83.218833,127.75963,425.30454
1.51,80,1035.2,0.0,0.0,0.0,0,0,0,1.78,15.86,177.4,32.47,176.19,22.73,176.37,21.96,45.676492,75.034084,139.09168,1355.1012
4.38,76,1034.8,0.0,0.0,0.0,0,0,0,106.8,15.5,177.34,29.63,175.12,20.21,175.91,15.84,33.017211,68.62586,151.96007,2122.2185
7.8,67,1032.8,0.0,0.0,0.0,0,0,0,255.43,16.24,176.19,20.91,177.04,18.03,176.57,10.44,22.630859,64.583818,166.3621,2430.8578
10.07,58,1031.7,0.0,0.0,0.0,0,0,0,372.91,14.47,174.29,17.02,173.93,15.23,173.21,9.0,18.782814,63.395723,181.67644,2549.7753
12.65,38,1028.0,0.0,0.0,0.0,0,0,0,440.55,4.69,147.53,5.4,143.13,5.4,143.13,3.96,24.520556,65.22152,196.87383,2505.5434
13.28,39,1027.2,0.0,0.0,0.0,0,0,0,462.8,4.83,116.57,5.8,119.74,5.5,121.61,6.12,35.647353,69.819392,210.98459,2236.1667
13.36,42,1027.2,0.0,0.0,0.0,0,0,0,431.65,5.35,109.65,6.92,117.9,6.44,116.57,7.92,48.566224,76.669341,223.52814,1079.7043
12.68,49,1027.5,0.0,0.0,0.0,0,0,0,350.66,5.69,124.7,7.15,130.91,6.64,130.6,9.36,61.921788,85.035625,234.45328,97.017519
0.62,45,1031.7,0.0,0.0,0.0,0,0,0,0.0,7.7,217.41,5.24,285.95,9.45,220.36,6.12,59.194427,83.19827,127.6062,445.47816
0.82,44,1031.9,0.0,0.0,4.0,0,4,0,1.78,7.65,228.81,7.17,287.53,11.48,221.19,11.16,45.760553,75.002668,138.9187,1411.1547
3.32,45,1032.3,0.0,0.0,44.0,0,44,0,113.92,5.19,236.31,9.39,302.47,6.11,225.0,10.08,33.020593,68.547439,151.84501,2212.9796
7.06,47,1030.9,0.0,0.0,15.0,0,15,0,264.33,3.32,319.4,7.39,316.97,2.62,344.05,7.92,22.599143,64.49038,166.22665,2522.2383
9.36,34,1029.1,0.0,0.0,39.0,0,39,0,378.25,7.73,332.24,8.85,333.43,7.75,338.2,9.0,18.662127,63.277688,181.56566,2625.5014
8.86,41,1026.8,0.0,0.0,0.0,0,0,0,447.67,10.08,360.0,10.46,3.95,9.78,6.34,11.88,24.367718,65.0847,196.79534,2577.2011
9.23,42,1027.1,0.0,0.0,0.0,0,0,0,469.03,10.5,5.91,10.54,7.85,10.24,10.12,12.6,35.504891,69.671158,210.93869,2283.7003
9.21,44,1027.0,0.0,0.0,0.0,0,0,0,436.99,10.95,9.46,11.01,11.31,10.31,12.09,12.6,48.438368,76.516256,223.50976,1086.2028
8.64,48,1027.0,0.0,0.0,0.0,0,0,0,356.0,9.53,10.89,9.61,12.99,9.26,13.5,11.52,61.810516,84.886424,234.45592,103.20437
-2.0,99,1036.6,0.0,0.0,0.0,0,0,0,0.0,7.65,221.19,3.62,95.71,8.4,226.74,10.08,59.16669,83.099158,127.53295,455.91293
-1.77,92,1037.0,0.0,0.0,0.0,0,0,0,1.78,9.18,228.18,2.28,198.43,10.09,235.18,3.24,45.82124,74.953937,138.7627,1417.3211
0.78,81,1037.1,0.0,0.0,0.0,0,0,0,107.69,6.92,231.34,3.83,228.81,6.44,243.43,1.8,32.972619,68.437019,151.77289,2224.3277
4.01,70,1036.3,0.0,0.0,0.0,0,0,0,255.43,4.02,243.43,3.55,246.04,4.55,251.57,6.48,22.528242,64.378984,166.15308,2549.8831
6.32,62,1035.1,0.0,0.0,0.0,0,0,0,373.8,1.3,326.31,1.14,341.57,1.61,333.43,4.32,18.53492,63.15247,181.45661,2637.6611
8.03,45,1030.6,0.0,0.0,0.0,0,0,0,449.45,6.19,35.54,6.41,38.16,6.13,40.24,8.64,24.210671,64.941199,196.72028,2567.6217
8.93,42,1030.1,0.0,0.0,0.0,0,0,0,473.48,8.37,25.46,8.53,27.65,8.05,26.57,9.72,35.360702,69.516981,210.89752,2293.5854
9.11,43,1030.5,0.0,0.0,0.0,0,0,0,443.22,10.59,17.82,10.59,17.82,10.14,16.5,10.08,48.310286,76.358042,223.49696,1167.8618
8.46,47,1030.6,0.0,0.0,0.0,0,0,0,363.12,10.37,20.32,10.7,19.65,10.37,20.32,9.72,61.69987,84.732679,234.46465,114.485
-0.48,56,1041.5,0.0,0.0,0.0,0,0,0,0.0,7.9,226.85,7.15,229.09,7.7,232.59,7.56,59.354669,83.137905,127.28859,473.56029
-0.38,49,1042.1,0.0,0.0,0.0,0,0,0,2.67,7.9,226.85,7.73,242.24,8.05,243.43,7.92,45.878645,74.898324,138.60401,1441.6025
1.6,43,1042.8,0.0,0.0,0.0,0,0,0,111.25,6.99,214.51,7.29,237.09,6.99,235.49,4.68,34.916885,69.198913,149.40834,2175.1235
1.52,38,1046.8,0.0,0.0,0.0,0,0,0,0.0,10.32,209.25,15.99,187.77,15.55,174.69,11.52,59.459979,83.117524,127.1029,487.39034
2.2,34,1046.6,0.0,0.0,0.0,0,0,0,1.78,10.5,202.17,18.72,180.0,21.22,165.26,12.6,45.932756,74.835838,138.4427,1394.0949
4.7,34,1046.6,0.0,0.0,0.0,0,0,0,105.91,10.48,195.95,18.72,181.1,22.73,169.05,15.12,33.116754,68.315482,151.3552,2183.2921
8.01,38,1045.1,0.0,0.0,0.0,0,0,0,253.65,7.57,182.73,11.89,178.26,20.72,162.82,9.72,22.469629,64.166111,165.8201,2499.1097
10.59,33,1044.0,0.0,0.0,0.0,0,0,0,372.91,5.96,154.98,7.9,155.77,8.05,153.43,7.56,18.261132,62.88069,181.24394,2675.5011
12.3,48,1042.4,0.0,0.0,0.0,0,0,0,453.9,9.45,17.74,10.46,26.57,10.95,27.41,14.04,23.884365,64.634418,196.58075,2568.4284
12.29,50,1042.1,0.0,0.0,0.0,0,0,0,477.04,11.17,20.77,11.97,21.16,12.1,22.75,15.48,35.067678,69.191119,210.82967,2246.8706
12.0,52,1042.2,0.0,0.0,0.0,0,0,0,447.67,11.38,18.43,12.1,22.75,12.25,24.3,14.4,48.057721,76.028957,223.49136,1169.1853
11.88,52,1041.9,0.0,0.0,0.0,0,0,0,367.57,10.16,22.93,11.27,26.57,11.44,28.18,13.32,61.594298,84.485894,234.58905,115.48638
3.45,26,1042.3,0.0,0.0,0.0,0,0,0,0.0,10.23,230.71,13.68,270.0,13.68,268.49,12.96,59.505047,83.05182,126.95723,506.59034
3.47,31,1041.4,0.0,0.0,0.0,0,0,0,2.67,8.71,231.71,10.14,286.5,10.7,289.65,14.4,45.983564,74.76649,138.27885,1437.5185
6.18,41,1041.2,0.0,0.0,0.0,0,0,0,111.25,5.69,251.57,11.11,294.9,11.75,297.35,9.0,33.120046,68.216158,151.215,2222.6927
9.49,40,1040.0,0.0,0.0,0.0,0,0,0,263.44,2.62,285.95,10.7,312.27,11.46,313.73,6.12,22.415204,64.043501,165.68476,2533.2102
12.46,36,1038.8,0.0,0.0,0.0,0,0,0,384.48,3.4,327.99,5.32,331.7,5.32,331.7,6.12,18.108999,62.732777,181.05875,2627.5657
14.32,27,1032.5,0.0,0.0,0.0,0,0,0,462.8,6.88,276.01,7.59,275.44,6.88,276.01,7.92,23.715326,64.47128,196.51641,2554.7255
15.06,26,1034.2,0.0,0.0,0.0,0,0,0,487.72,7.1,329.53,8.21,322.13,7.99,324.16,6.48,34.919123,69.0196,210.80309,2281.9892
14.87,26,1033.3,0.0,0.0,0.0,0,0,0,456.57,14.04,358.53,16.22,357.46,15.48,358.67,13.68,47.925942,75.853518,223.49251,1107.7147
13.49,33,1034.9,0.0,0.0,0.0,0,0,0,374.69,9.03,355.43,10.08,360.0,9.73,2.12,11.16,61.372756,84.245064,234.52776,130.56522
0.83,78,1035.4,0.0,0.0,0.0,0,0,0,0.0,7.59,275.44,12.82,321.84,10.66,281.69,14.76,59.576432,82.999117,126.78663,33.746162
1.42,81,1034.2,0.0,0.0,76.0,0,76,0,2.67,7.07,284.74,14.11,322.25,9.78,276.34,15.12,46.031062,74.690298,138.11256,335.80854
5.24,71,1033.7,0.0,0.0,43.0,0,43,0,113.03,6.99,348.11,17.11,351.53,9.5,335.38,14.76,33.140946,68.117352,151.04407,2133.7886
7.68,68,1035.0,0.0,0.0,23.0,0,23,0,262.55,12.24,360.0,13.34,3.09,12.61,1.64,16.2,22.385128,63.923728,165.50514,2506.0048
8.16,68,1033.3,0.0,0.0,2.0,0,0,2,375.58,15.28,15.02,16.33,14.04,15.19,13.71,20.88,17.952533,62.578322,181.16953,2555.6055
8.66,67,1033.3,0.0,0.0,57.0,0,57,10,450.34,20.43,14.28,22.35,14.93,20.87,15.0,23.4,23.542523,64.301741,196.45579,2361.4471
8.87,71,1034.2,0.0,0.0,34.0,0,34,3,468.14,18.89,7.67,20.01,8.28,18.94,8.75,22.68,34.769401,68.842473,210.7815,2239.379
9.01,70,1033.6,0.0,0.0,1.0,0,1,0,441.44,12.68,6.52,13.08,7.91,12.73,8.13,14.4,47.798229,75.675693,223.50249,1209.1943
9.08,69,1031.9,0.0,0.0,0.0,0,0,0,365.79,15.28,15.02,16.33,14.04,14.84,14.04,16.56,61.265693,84.074051,234.56117,116.31498
-0.13,93,1036.2,0.0,0.0,0.0,0,0,0,0.0,15.23,186.79,32.5,175.55,21.99,182.82,24.84,59.64523,82.939972,126.61287,503.15395
-0.2,94,1036.6,0.0,0.0,0.0,0,0,0,2.67,18.09,185.71,34.99,176.46,23.8,183.47,25.56,46.075248,74.60728,137.9439,1400.0511
2.91,84,1036.0,0.0,0.0,0.0,0,0,0,107.69,19.08,180.0,29.22,176.47,23.41,178.24,24.84,33.146766,68.007658,150.8866,2166.6904
5.95,73,1034.2,0.0,0.0,0.0,0,0,0,255.43,21.25,178.06,27.4,176.99,23.42,177.36,21.6,22.289876,63.776773,165.41479,2542.4739
8.24,64,1032.7,0.0,0.0,0.0,0,0,0,374.69,20.28,173.88,24.61,174.12,21.75,173.35,19.8,17.800296,62.419861,181.04397,2677.5709
10.28,44,1029.3,0.0,0.0,0.0,0,0,0,457.46,13.98,168.11,16.1,169.7,14.26,169.82,9.72,23.366081,64.125882,196.39896,2607.0784
10.75,45,1029.1,0.0,0.0,0.0,0,0,0,480.6,16.74,161.18,19.59,162.9,17.08,161.57,14.4,34.618664,68.659827,210.76496,2304.9839
10.63,44,1028.7,0.0,0.0,0.0,0,0,0,450.34,21.31,164.32,25.23,165.96,20.87,165.0,18.72,47.670941,75.493205,223.51827,1244.6791
9.72,48,1029.1,0.0,0.0,0.0,0,0,0,371.13,22.1,167.77,26.83,168.39,21.67,168.5,20.88,61.159809,83.898968,234.60081,135.79522
-0.97,67,1029.2,0.0,0.0,0.0,0,0,0,0.0,13.32,218.42,24.97,245.28,15.78,214.78,28.08,59.711404,82.874387,126.43606,445.91228
-1.12,73,1030.2,0.0,0.0,0.0,0,0,0,2.67,14.51,223.99,26.21,249.08,15.58,220.31,27.36,46.116121,74.517462,137.77297,1353.1714
2.55,63,1029.0,0.0,0.0,0.0,0,0,0,110.36,12.31,232.13,25.28,252.6,10.69,225.0,31.32,33.148459,67.890934,150.72797,2127.6647
7.45,52,1026.1,0.0,0.0,0.0,0,0,0,260.77,12.56,242.7,17.32,249.3,10.38,236.31,24.12,22.219137,63.632764,165.2803,2437.0792
10.78,38,1024.3,0.0,0.0,0.0,0,0,0,380.03,21.32,258.31,26.41,259.0,21.05,257.15,32.04,17.637551,62.253394,180.84246,2568.2777
12.61,31,1023.7,0.0,0.0,0.0,0,0,0,453.01,22.31,259.78,26.05,258.85,22.38,258.87,32.76,23.18615,63.943789,196.34598,2350.5334
12.67,32,1023.2,0.0,0.0,0.0,0,0,0,477.04,22.7,255.3,26.9,254.48,22.8,254.43,32.76,34.467074,68.471763,210.75351,968.71618
12.57,34,1022.4,0.0,0.0,35.0,2,35,0,452.12,21.22,255.26,25.42,254.39,21.66,254.58,31.68,47.544217,75.306158,223.53989,233.24195
12.09,37,1022.3,0.0,0.0,95.0,26,95,0,373.8,21.54,260.38,25.7,258.69,21.32,258.31,31.32,61.055217,83.719925,234.64669,40.214319
3.69,97,1027.4,0.1,0.0,100.0,0,0,100,0.0,10.44,313.6,16.8,315.0,12.23,312.61,15.84,59.774919,82.802362,126.25627,480.82352
3.03,98,1027.7,0.1,0.0,100.0,0,0,100,2.67,7.79,303.69,12.39,305.54,6.99,304.51,21.6,46.153679,74.420858,137.59984,1400.3916
4.92,82,1027.1,0.0,0.0,100.0,0,0,100,108.58,5.8,299.74,6.29,293.63,4.83,296.57,19.44,33.14606,67.767205,150.56824,2190.3046
5.93,76,1027.6,0.0,0.0,40.0,0,0,40,258.1,3.32,282.53,3.26,276.34,2.9,277.13,18.0,22.143084,63.481713,165.14625,2537.5603
7.28,69,1026.3,0.0,0.0,47.0,0,0,47,381.81,2.6,236.31,2.81,230.19,2.55,225.0,16.2,17.466135,62.079493,180.74748,2689.5167
9.45,65,1025.4,0.0,0.0,4.0,0,0,4,457.46,3.98,354.81,3.67,348.69,3.62,354.29,14.04,23.002835,63.755529,196.29693,2590.2565
10.17,62,1024.3,0.0,0.0,29.0,0,0,29,412.07,2.55,315.0,3.4,302.01,2.81,309.81,13.68,34.314784,68.278362,210.74723,2268.1099
10.88,58,1023.6,0.0,0.0,10.0,0,0,10,355.11,5.41,266.19,6.13,266.63,5.41,266.19,15.84,47.393687,75.101325,223.54443,1249.0877
11.03,59,1022.8,0.0,0.0,100.0,0,0,100,284.8,5.62,230.19,6.64,229.4,6.11,225.0,15.84,60.952041,83.537027,234.69882,143.9723
10.88,60,1022.6,0.0,0.0,83.0,0,0,83,225.17,7.07,194.74,8.05,190.3,7.64,188.13,16.2,106.69672,120.23022,215.21543,16.101307
0.79,93,1020.6,0.0,0.0,1.0,0,0,1,0.0,20.18,195.52,35.6,204.49,22.96,193.6,34.92,59.83574,82.723909,126.07362,491.01385
2.61,91,1019.1,0.0,0.0,8.0,0,8,1,3.56,23.22,199.0,37.54,204.35,26.18,198.43,33.84,46.187931,74.317509,137.42462,589.7025
5.84,77,1018.4,0.0,0.0,36.0,0,36,1,121.04,30.49,202.93,41.38,206.34,32.57,203.45,40.68,33.139627,67.636531,150.40752,1522.622
7.08,71,1017.3,0.0,0.0,0.0,0,0,0,268.78,30.92,207.76,39.03,209.88,32.04,207.43,42.48,22.061843,63.323701,165.0127,690.96898
8.51,64,1015.3,0.0,0.0,13.0,22,13,0,386.26,30.57,212.01,36.75,214.62,31.06,212.22,42.84,17.288684,61.898913,180.65482,291.16097
8.96,55,1015.2,0.0,0.0,100.0,100,100,0,389.82,28.4,210.47,33.35,212.66,29.02,209.74,42.12,22.816323,63.56121,196.25188,177.40503
9.17,53,1013.9,0.0,0.0,100.0,100,100,0,395.16,29.27,211.93,34.25,213.86,29.7,210.61,43.92,34.161975,68.07974,210.74617,156.05012
7.0,69,1013.6,0.0,0.0,100.0,100,100,0,186.9,29.39,210.96,37.75,212.93,30.81,210.16,45.0,47.29302,74.918788,223.6008,123.7152
7.01,74,1013.3,0.0,0.0,100.0,100,100,0,107.69,28.66,206.89,36.89,208.57,29.95,205.64,45.36,60.736301,83.273945,234.67098,17.422826
-2.16,94,1016.2,0.0,0.0,56.0,0,0,56,0.0,31.26,302.77,41.56,301.9,35.57,301.76,35.28,60.008276,82.715518,125.80142,162.85673
-3.41,97,1016.9,0.0,0.0,3.0,0,0,3,3.56,23.34,296.57,33.65,296.02,28.02,295.91,28.44,46.218879,74.207441,137.24737,1416.8051
-0.57,75,1017.2,0.0,0.0,0.0,0,0,0,118.37,24.93,287.65,26.76,287.22,25.73,287.93,27.0,33.129206,67.498954,150.24586,1549.9781
1.54,62,1016.2,0.0,0.0,0.0,0,0,0,271.45,22.91,278.13,23.68,278.75,23.27,278.0,25.2,21.879876,63.12744,165.03328,1717.2196
2.77,57,1015.7,0.0,0.0,12.0,0,12,0,392.49,25.96,273.18,27.04,273.05,26.3,272.35,32.4,17.105247,61.711725,180.56453,1463.1401
1.86,69,1016.5,0.0,0.0,10.0,0,0,10,299.93,42.33,303.55,43.33,303.82,41.04,303.55,45.36,22.626764,63.360918,196.2109,774.13052
2.72,63,1016.0,0.0,0.0,10.0,0,0,10,469.92,43.53,304.22,44.83,304.2,42.53,303.96,46.08,34.00882,67.875998,210.75038,202.27496
2.62,68,1016.3,0.0,0.0,2.0,0,0,2,379.14,42.24,302.47,43.66,301.86,40.95,302.43,45.0,47.168844,74.718691,223.64017,332.33587
2.5,73,1017.1,0.0,0.0,100.0,0,46,100,386.26,41.14,302.86,42.55,302.21,39.84,302.83,43.92,60.750413,83.160134,234.8219,177.91597
-5.35,82,1028.9,0.0,0.0,0.0,0,0,0,0.0,15.94,276.48,26.49,301.1,17.02,276.07,18.72,59.962798,82.557387,125.6905,553.33489
-4.92,84,1028.8,0.0,0.0,0.0,0,0,0,3.56,14.83,275.57,25.68,301.24,17.16,279.66,19.08,46.24653,74.090688,137.06821,1457.4705
-1.68,75,1028.2,0.0,0.0,0.0,0,0,0,119.26,14.0,287.97,19.8,297.03,15.38,286.31,17.64,33.114848,67.354523,150.08337,2219.2605
1.3,61,1026.6,0.0,0.0,0.3,1,0,0,272.34,18.2,294.54,18.51,296.57,19.01,294.62,21.24,21.884109,62.98702,164.74744,2595.2027
2.34,59,1025.8,0.0,0.0,0.3,1,0,0,398.72,20.77,297.9,20.95,298.77,20.14,298.86,22.32,16.915904,61.518011,180.47672,2724.477
4.5,31,1024.7,0.0,0.0,0.0,0,0,0,478.82,7.79,303.69,7.9,300.07,7.1,300.47,11.88,22.434327,63.15475,196.17407,2668.6514
5.21,27,1023.4,0.0,0.0,0.0,0,0,0,504.63,7.63,289.29,7.42,284.04,6.29,283.24,12.6,33.855504,67.667245,210.75993,2415.1739
5.6,26,1022.8,0.0,0.0,61.0,8,61,0,477.93,8.05,280.3,7.57,272.73,6.85,273.01,13.32,47.045819,74.514472,223.68551,1160.2291
5.58,27,1022.2,0.0,0.0,100.0,0,100,0,394.27,9.01,267.71,9.11,260.91,8.4,260.13,14.4,60.652214,82.966378,234.89287,127.90982
-0.93,89,1014.9,0.2,0.0,100.0,0,100,100,0.0,46.8,180.44,53.02,183.5,46.8,180.0,41.04,59.77182,82.296286,125.68362,7.6198024
-0.64,88,1014.1,0.2,0.0,100.0,0,100,100,2.67,46.44,180.0,52.6,182.35,45.72,180.0,51.12,46.270887,73.967285,136.88722,164.66754
0.34,84,1014.5,0.2,0.0,100.0,0,44,100,68.53,48.24,180.0,51.84,180.8,47.16,179.56,37.44,33.127877,67.218269,149.88763,315.74279
1.02,80,1013.8,0.1,0.0,100.0,0,0,100,187.79,48.24,180.0,50.77,180.81,47.16,180.0,42.12,21.787798,62.808486,164.61589,316.44196
1.62,77,1012.5,0.1,0.0,100.0,0,0,100,295.48,46.81,181.32,48.99,182.11,46.45,181.33,41.04,16.729554,61.320051,180.38464,870.24529
1.22,77,1012.7,0.0,0.0,100.0,0,0,100,205.59,45.01,172.65,47.47,173.47,45.01,172.65,40.32,22.239193,62.942805,196.14147,902.17283
1.82,76,1012.5,0.0,0.0,60.0,0,0,60,382.7,42.34,174.14,44.46,174.89,42.34,174.14,39.24,33.702217,67.453595,210.77488,357.74893
2.5,76,1012.0,0.0,0.0,100.0,0,0,100,373.8,40.06,175.88,41.84,176.55,40.06,175.88,38.88,46.924101,74.30625,223.73688,125.95566
1.83,81,1010.4,0.0,0.0,100.0,0,0,100,201.14,37.65,173.96,40.16,174.34,38.05,173.48,35.28,60.555932,82.76925,234.97013,25.226724
-3.59,94,1015.8,0.0,0.0,94.0,0,0,94,4.45,45.67,20.29,55.5,22.91,46.01,20.14,56.88,44.277769,72.675565,138.49077,0.060569106
-3.08,94,1017.7,0.0,0.07,100.0,0,0,100,121.04,42.18,15.34,47.93,17.48,41.84,15.47,55.8,33.074579,67.045387,149.75625,19.060523
-2.18,92,1017.0,0.0,0.07,88.0,0,0,88,225.17,46.33,18.58,49.64,19.49,45.65,18.86,57.24,21.686838,62.62334,164.48521,155.21215
-1.2,79,1016.2,0.0,0.0,10.0,0,0,10,308.83,48.55,23.14,52.53,24.28,48.36,23.7,58.32,16.52021,61.111442,180.3088,1137.9982
0.05,68,1016.3,0.0,0.0,10.0,0,0,10,472.59,40.38,21.99,42.92,22.69,39.85,22.86,51.84,22.041724,62.72528,196.11313,2176.6919
0.81,64,1015.9,0.0,0.0,10.0,0,0,10,496.62,39.39,18.1,41.9,19.06,38.71,18.43,49.32,33.549205,67.235237,210.79523,2204.0698
1.29,62,1016.0,0.0,0.0,10.0,0,0,10,467.25,36.36,11.42,39.05,12.24,36.08,12.09,44.28,46.803868,74.094203,223.79425,1544.6314
1.51,64,1015.3,0.0,0.0,10.0,0,0,10,374.69,33.99,5.47,36.97,6.71,34.11,7.28,42.84,60.461693,82.568901,235.05367,226.21317
-1.95,91,1013.5,0.0,0.0,100.0,0,0,100,0.0,8.59,236.98,12.96,271.59,8.67,228.37,12.96,60.213583,82.312955,125.03395,480.20512
-1.24,79,1012.5,0.0,0.0,100.0,0,0,100,2.67,12.5,258.37,18.36,268.88,12.57,256.76,15.48,46.309746,73.700679,136.52016,568.66697
-2.19,86,1013.8,0.0,0.07,100.0,0,0,100,48.06,14.69,281.31,13.08,277.91,11.9,273.47,14.76,33.048672,66.880642,149.5917,639.75016
-1.85,86,1013.6,0.1,0.28,100.0,0,0,100,105.02,13.83,308.66,13.28,310.6,12.5,311.5,14.04,21.580768,62.43138,164.35537,705.53718
-0.86,87,1012.3,0.1,0.42,100.0,0,0,100,168.21,17.48,327.62,18.4,329.42,17.91,329.83,18.0,16.313284,60.898566,180.22888,709.37222
0.86,81,1010.6,0.2,0.07,100.0,0,17,100,217.16,11.02,321.63,11.38,325.3,10.88,325.78,16.56,21.841608,62.502006,196.08925,595.21168
1.82,76,1010.2,0.1,0.0,100.0,0,10,100,416.52,13.76,317.12,12.48,316.17,12.23,317.39,15.84,33.396534,67.012071,210.82121,288.75358
2.28,78,1009.6,0.0,0.0,100.0,0,0,100,311.5,17.38,320.04,17.85,318.27,17.34,318.37,18.72,46.68524,73.878297,223.85783,120.28781
2.12,81,1010.5,0.0,0.0,100.0,0,47,100,338.2,21.18,328.2,20.87,327.68,20.07,327.45,23.4,60.174983,82.235384,234.99589,54.593671
2.3,85,1010.1,0.0,0.14,100.0,0,53,100,210.93,25.74,339.54,26.64,341.08,25.5,341.05,27.72,107.16705,119.3571,215.04426,10.725232
-4.36,96,1017.1,0.0,0.0,19.0,0,0,19,0.0,19.96,309.14,28.28,317.58,20.63,312.88,26.28,60.142185,82.118766,124.92334,176.33224
-3.85,91,1016.6,0.0,0.0,13.0,0,0,13,5.34,23.4,300.51,33.34,307.98,22.37,303.18,31.32,48.078984,74.66776,135.32166,555.61982
1.18,80,1013.9,0.0,0.0,2.0,0,0,2,309.72,41.25,302.16,43.24,302.76,40.45,302.28,45.72,16.671723,60.815986,186.61222,487.8004
1.28,84,1011.0,0.3,0.35,100.0,0,6,100,169.99,43.01,298.5,47.38,299.1,42.38,298.96,45.36,21.639563,62.273365,196.06981,769.56467
2.37,82,1010.2,0.3,0.28,100.0,0,65,100,202.03,48.7,318.3,52.6,319.44,48.5,319.21,49.68,33.244549,66.784438,210.85274,411.2987
2.27,79,1010.6,0.4,0.14,100.0,0,66,100,234.96,46.01,322.95,50.26,324.03,46.08,323.58,49.68,46.568426,73.658816,223.92748,435.15191
1.71,79,1010.5,0.4,0.14,100.0,0,71,100,136.17,41.94,327.26,46.98,329.11,42.05,327.94,52.2,56.223037,79.484072,232.11495,46.973611
-1.93,92,1017.1,0.4,0.0,100.0,0,0,100,5.34,41.75,315.7,48.77,319.49,42.02,316.74,51.84,46.335509,73.407935,136.14697,0.88722222
-0.92,87,1018.8,0.3,0.0,100.0,0,0,100,115.7,40.49,316.8,45.22,319.84,40.76,317.15,48.6,32.985843,66.531452,149.26133,38.837352
0.03,85,1018.7,0.0,0.0,82.0,0,0,82,258.1,40.61,322.93,43.15,324.85,39.89,323.44,46.08,21.355186,62.028042,164.09888,43.892087
0.99,85,1018.2,0.0,0.0,70.0,0,0,70,366.68,40.76,335.47,43.06,336.86,40.13,336.19,45.72,15.883609,60.454572,180.07755,68.468864
1.78,74,1017.7,0.0,0.0,100.0,0,0,100,267.0,41.32,341.72,44.52,342.59,42.24,342.65,48.24,21.435635,62.039372,196.05492,44.855
2.18,74,1018.3,0.0,0.0,100.0,0,0,100,250.09,40.9,343.64,44.65,343.61,41.59,343.92,48.6,33.093417,66.552385,210.88991,26.84328
2.64,72,1018.5,0.0,0.0,100.0,0,10,100,195.8,39.3,351.57,43.58,352.41,40.32,352.3,45.36,46.453577,73.435836,224.0033,21.373333
2.73,73,1018.1,0.0,0.0,73.0,0,10,73,169.1,39.25,358.42,44.28,359.53,39.96,359.48,43.2,60.192626,81.949616,235.34236,9.8601908
-2.99,94,1027.7,0.0,0.07,100.0,0,0,100,0.0,15.58,353.37,16.92,1.22,15.99,352.23,32.4,60.221244,81.866205,124.52181,39.840833
-3.27,96,1028.5,0.0,0.0,100.0,0,0,100,4.45,14.76,360.0,15.39,10.78,14.76,1.4,24.84,46.343508,73.251867,135.95831,193.89462
-2.62,90,1029.9,0.0,0.0,100.0,0,0,100,103.24,14.41,12.99,14.59,15.75,13.56,10.71,23.76,32.94899,66.347052,149.09564,674.70417
-1.26,83,1029.4,0.0,0.0,100.0,0,0,100,270.56,18.68,25.08,18.51,26.57,17.55,25.51,29.88,21.285403,61.832247,163.89503,1512.4509
-0.13,79,1029.2,0.0,0.0,78.0,0,0,78,405.84,23.83,26.95,24.65,28.81,23.85,28.89,29.52,15.660676,60.223538,180.00632,2386.7665
2.33,64,1027.9,0.0,0.0,10.0,0,0,10,473.48,21.63,18.43,21.53,20.56,20.39,20.67,26.28,21.230043,61.800135,196.04466,1902.4103
3.12,59,1027.2,0.0,0.0,0.0,0,0,0,488.61,22.55,16.7,22.55,19.59,21.41,19.65,25.2,32.943347,66.316032,210.9328,1494.7838
3.52,54,1027.0,0.0,0.0,0.0,0,0,0,499.29,22.18,13.13,22.45,15.82,21.22,14.74,23.76,46.340854,73.20948,224.08532,507.36284
3.58,54,1027.0,0.0,0.0,0.0,0,0,0,420.97,22.51,7.35,22.96,9.02,21.79,7.59,27.0,60.107916,81.737581,235.45124,112.26474
3.17,56,1026.9,0.0,0.0,0.0,0,0,0,299.93,22.01,3.75,23.54,6.15,22.03,4.69,27.72,107.42,118.85498,215.01312,26.661348
-2.86,68,1032.4,0.0,0.0,9.0,0,9,0,0.0,5.4,360.0,13.44,20.38,4.9,17.1,20.88,60.256318,81.730486,124.31812,480.965
-2.79,70,1032.2,0.0,0.0,70.0,0,70,0,8.01,5.86,349.38,12.66,14.83,4.74,351.25,20.88,46.348278,73.089398,135.7684,1610.4259
-0.48,62,1031.9,0.0,0.0,0.0,0,0,0,140.62,9.72,360.0,11.53,14.47,8.64,360.0,24.48,32.908601,66.156198,148.9297,2332.3159
0.86,54,1032.8,0.0,0.0,0.0,0,0,0,291.03,15.63,14.68,15.73,15.95,14.41,12.99,28.44,21.111896,61.59907,163.84708,2664.7049
2.62,45,1031.7,0.0,0.0,0.0,0,0,0,412.07,18.67,19.13,18.92,21.19,18.33,19.5,34.92,15.432475,59.986603,179.93814,2899.872
3.86,47,1031.0,0.0,0.0,0.0,0,0,0,502.85,20.61,27.01,22.91,30.19,19.97,27.95,30.6,21.023016,61.555764,196.03911,2822.5761
5.02,44,1030.6,0.0,0.0,0.0,0,0,0,526.88,21.43,29.15,24.2,30.38,20.95,28.77,30.96,32.737846,66.05026,210.9194,2520.3628
5.72,44,1030.7,0.0,0.0,0.0,0,0,0,494.84,21.41,27.0,24.65,28.81,19.97,25.64,33.84,46.230416,72.979873,224.17356,1566.4214
5.68,48,1029.7,0.0,0.0,0.0,0,0,0,414.74,19.67,23.75,23.02,26.97,20.14,24.27,31.32,60.025904,81.522951,235.56645,232.96167
5.14,55,1030.0,0.0,0.0,0.0,0,0,0,295.48,16.85,19.98,20.95,24.36,17.65,20.28,29.16,107.50654,118.67814,215.01028,34.047386
-3.08,96,1035.7,0.0,0.0,100.0,0,0,100,0.0,5.4,360.0,7.42,14.04,5.04,360.0,6.48,60.288403,81.588518,124.11262,451.43028
-3.9,100,1036.9,0.0,0.0,49.0,0,0,49,8.01,4.74,8.75,6.16,6.71,5.86,10.62,5.76,46.349846,72.920584,135.57732,457.51195
-1.45,75,1036.7,0.0,0.0,25.0,0,25,7,141.51,7.79,33.69,8.53,27.65,6.61,29.36,11.88,32.864753,65.958959,148.7636,2283.9918
0.9,50,1035.2,0.0,0.0,1.0,0,1,0,299.04,11.11,24.9,11.17,20.77,10.37,20.32,20.52,20.983902,61.37517,163.72313,2709.7533
2.45,44,1034.6,0.0,0.0,0.0,0,0,0,423.64,15.46,24.78,15.51,21.8,14.37,22.07,26.28,15.19911,59.743863,179.87309,2898.309
4.01,45,1033.4,0.0,0.0,93.0,12,93,0,489.5,19.48,16.09,20.18,15.52,18.95,14.3,29.16,20.814784,61.306367,196.03833,2839.5309
4.94,40,1032.5,0.0,0.0,0.3,1,0,0,530.44,21.13,13.8,22.45,15.82,20.78,14.04,29.16,32.647237,65.830907,211.03592,2517.6672
5.6,38,1032.2,0.0,0.0,1.2,4,0,0,506.41,22.01,15.17,23.0,17.3,21.66,15.42,31.68,46.126298,72.749556,224.27123,1643.3694
5.72,38,1031.7,0.0,0.0,1.2,4,0,0,429.87,22.7,14.7,24.72,16.06,22.7,14.7,31.68,60.063468,81.381671,235.77953,240.32569
5.23,40,1030.9,0.0,0.0,0.6,2,0,0,312.39,20.62,12.09,23.75,14.04,21.05,12.85,30.96,107.59409,118.49663,215.01105,12.823696
0.22,34,1031.9,0.0,0.0,0.0,0,0,0,0.0,11.53,345.53,15.48,358.67,10.18,351.87,27.72,60.317494,81.440343,123.90539,622.10833
0.63,37,1032.3,0.0,0.0,0.0,0,0,0,8.01,10.74,346.43,14.04,360.0,9.78,353.66,27.36,46.348249,72.745483,135.38514,1555.0839
3.36,35,1032.1,0.0,0.0,0.0,0,0,0,135.28,9.69,344.93,12.96,358.41,6.88,353.99,25.92,32.817529,65.755409,148.59741,2207.8295
4.66,31,1032.2,0.0,0.0,0.0,0,0,0,290.14,11.88,360.0,12.25,358.32,10.14,6.12,25.92,20.851847,61.145105,163.60056,2033.3861
5.7,31,1031.4,0.0,0.0,2.0,0,2,0,419.19,13.63,12.2,13.49,9.21,13.01,14.42,24.12,14.96069,59.495415,179.81123,1495.0268
6.77,51,1030.7,0.0,0.0,0.0,0,0,0,495.73,14.78,2.79,16.92,360.0,15.5,2.66,20.88,20.605587,61.052056,196.04239,1601.2917
7.57,51,1030.4,0.0,0.0,0.0,0,0,0,524.21,16.6,3.73,18.36,1.12,17.31,3.58,23.04,32.501613,65.582372,211.09624,1587.797
7.9,49,1030.5,0.0,0.0,0.0,0,0,0,498.4,17.02,6.07,18.45,5.6,17.37,5.95,24.48,46.017,72.511392,224.36879,900.9568
7.61,52,1029.5,0.0,0.0,0.0,0,0,0,421.86,17.06,7.28,18.89,7.67,16.39,8.84,24.48,59.870431,81.086397,235.81581,175.41141
6.84,55,1030.3,0.0,0.0,0.3,1,0,0,302.6,15.68,9.25,19.71,9.46,16.45,10.08,24.12,107.68261,118.31051,215.01532,25.198679
-0.22,97,1032.8,0.0,0.0,70.0,43,2,70,0.0,0.36,180.0,14.83,60.95,9.16,225.0,21.6,60.343597,81.28601,123.69653,65.334722
0.4,94,1033.1,0.0,0.0,100.0,68,12,100,8.9,1.3,326.31,11.09,54.25,6.95,248.75,20.52,46.343532,72.564164,135.19193,128.55614
1.97,88,1032.9,0.0,0.0,100.0,51,1,100,133.5,5.86,42.51,6.7,53.75,3.89,33.69,14.76,32.767024,65.545625,148.43117,213.53037
3.69,78,1032.0,0.0,0.0,7.0,14,3,7,302.6,10.23,39.29,10.01,37.69,8.29,34.38,18.72,20.715871,60.908964,163.47942,529.23609
5.35,71,1031.2,0.0,0.0,0.9,3,0,0,427.2,12.77,21.5,12.98,19.44,12.18,18.97,18.0,14.717325,59.241358,179.75263,801.21361
7.23,65,1030.5,0.0,0.0,0.3,1,0,0,501.07,16.6,24.34,17.71,26.57,15.94,25.41,24.12,20.395668,60.792939,196.05134,1120.3043
8.01,64,1029.9,0.0,0.0,0.3,1,0,0,525.99,18.46,20.56,20.14,24.27,17.92,22.44,24.12,32.357883,65.330014,211.16246,522.36722
8.15,64,1030.1,0.0,0.0,0.0,0,0,0,499.29,21.53,20.56,23.73,22.29,20.86,21.25,25.56,45.91431,72.272754,224.47579,694.42378
7.73,65,1028.8,0.0,0.0,0.0,0,0,0,422.75,20.43,14.28,22.35,14.93,20.08,14.53,23.4,59.797177,80.864708,235.94993,197.23395
6.98,69,1028.6,0.0,0.0,0.0,0,0,0,304.38,19.88,5.19,22.42,5.53,19.92,6.23,21.6,107.77202,118.11981,215.023,29.081699
-2.11,97,1031.0,0.0,0.0,12.0,0,0,12,0.0,4.68,247.38,2.41,296.57,5.94,255.96,3.6,60.366723,81.125573,123.48612,600.64111
-1.73,91,1030.6,0.0,0.0,3.0,0,0,3,9.79,4.21,289.98,5.69,341.57,7.17,287.53,5.4,46.335747,72.376696,134.99776,1563.6986
2.06,75,1030.4,0.0,0.0,0.0,0,0,0,147.74,6.73,344.48,8.91,345.96,8.71,330.26,16.2,32.713338,65.32969,148.26495,2254.5837
4.49,63,1029.2,0.0,0.0,0.0,0,0,0,307.94,12.62,356.73,13.32,358.45,12.98,356.82,19.44,20.576122,60.666838,163.35977,2634.1726
5.72,51,1028.1,0.0,0.0,0.0,0,0,0,435.21,14.78,357.21,15.14,357.27,14.4,358.57,21.96,14.469131,58.981793,179.69734,2805.2676
6.46,64,1027.4,0.0,0.0,0.0,0,0,0,515.31,15.33,350.54,16.1,349.7,15.04,348.96,22.68,20.185275,60.529128,196.06522,2768.1883
7.7,50,1026.4,0.0,0.0,0.0,0,0,0,542.9,15.54,346.61,16.77,345.07,15.63,345.32,21.6,32.216246,65.073948,211.23459,2471.2245
8.44,49,1025.7,0.0,0.0,0.0,0,0,0,512.64,16.52,348.69,17.73,347.09,16.24,347.2,19.8,45.814478,72.03134,224.58904,1233.002
8.25,53,1025.1,0.0,0.0,0.3,1,0,0,432.54,20.01,351.72,21.9,350.54,20.01,351.72,24.48,59.727037,80.640895,236.09029,279.1891
7.62,58,1025.0,0.0,0.0,0.0,0,0,0,313.28,20.77,351.03,24.03,351.38,20.77,351.03,24.48,107.86229,117.92459,215.03395,44.6431
3.41,89,1021.2,0.0,0.0,100.0,76,72,100,0.0,18.12,290.96,28.69,293.67,20.33,292.93,26.64,60.386895,80.959094,123.27422,469.03596
4.89,78,1019.7,0.0,0.0,100.0,3,0,100,8.01,21.19,290.9,30.96,293.29,23.07,292.96,33.12,46.319282,72.180929,134.80919,1433.8985
6.01,71,1019.0,0.0,0.0,100.0,3,0,100,67.64,24.54,292.43,31.77,293.37,24.49,294.3,42.48,32.656581,65.10769,148.09878,1932.6989
7.08,57,1018.0,0.0,0.0,100.0,4,0,100,135.28,27.24,299.28,33.4,300.43,26.49,301.1,39.24,20.432759,60.418821,163.24165,1754.4959
8.39,47,1016.6,0.0,0.0,91.0,8,0,91,358.67,31.45,303.33,38.55,302.8,30.85,304.06,44.28,14.216229,58.716822,179.64539,612.54616
9.78,41,1014.7,0.0,0.0,6.3,21,0,0,497.51,31.56,295.69,37.36,295.08,33.82,295.2,41.76,19.974663,60.260732,196.08408,115.7372
10.82,54,1013.4,0.0,0.0,35.0,28,0,35,523.32,33.65,296.02,40.26,295.42,36.71,295.56,46.44,32.0769,64.814288,211.31266,209.28936
11.48,58,1012.0,0.0,0.0,20.0,28,20,0,435.21,37.36,295.08,45.09,295.54,40.43,294.74,51.84,45.717632,71.787259,224.70855,178.17393
11.4,67,1011.0,0.0,0.0,37.0,30,37,3,424.53,43.39,292.95,53.75,292.44,47.33,291.88,56.16,59.660096,80.415065,236.23686,240.54478
10.43,75,1010.4,0.0,0.0,16.0,24,16,6,292.81,46.06,291.55,59.37,290.96,51.15,290.6,61.56,121.4087,128.41537,247.49936,3.9839181
6.23,87,1003.4,0.0,0.0,100.0,14,0,100,0.0,43.73,292.77,59.57,292.38,44.72,292.23,69.48,60.40414,80.786641,123.0609,212.73694
6.5,85,1003.0,0.0,0.0,100.0,17,0,100,11.57,45.46,290.87,60.97,291.11,46.27,290.97,71.28,46.311223,71.983628,134.60677,928.17262
7.27,80,1002.8,0.0,0.0,100.0,7,0,100,131.72,47.66,291.72,63.64,291.92,48.8,291.64,72.36,32.596869,64.879712,147.93271,814.1026
8.06,77,1002.1,0.0,0.0,100.0,14,0,100,251.87,48.6,292.2,64.11,292.1,48.93,292.04,73.08,20.285948,60.165007,163.12509,1170.5806
8.78,74,1001.3,0.0,0.0,100.0,28,0,100,390.71,48.94,296.19,62.95,296.13,48.78,296.75,72.36,13.958742,58.446545,179.59682,751.5643
10.41,81,1001.9,0.1,0.0,78.0,3,0,78,480.6,47.52,294.62,61.35,295.36,47.35,295.2,70.2,19.764091,59.98786,196.10794,258.036
11.15,78,1000.9,0.1,0.0,26.0,1,2,26,527.77,47.23,293.83,60.24,294.73,47.04,294.41,67.32,32.048902,64.596977,211.5193,77.371552
11.65,77,1000.3,0.2,0.0,19.0,3,5,19,503.74,43.86,290.67,55.83,290.77,43.4,290.39,63.36,45.735938,71.602733,224.93703,151.54448
11.42,81,999.2,0.0,0.0,100.0,3,0,100,407.62,43.12,292.07,54.55,292.5,42.12,292.62,61.92,59.706246,80.258856,236.4755,3.274586
10.83,82,998.3,0.0,0.0,100.0,9,0,100,289.25,42.05,291.07,55.16,291.04,42.39,290.9,65.16,108.04516,117.52077,215.06522,5.625
2.12,90,997.5,0.8,0.63,100.0,0,100,100,0.0,36.93,316.97,49.16,317.08,36.95,317.76,51.48,60.418493,80.608283,122.84624,365.87528
1.28,91,998.5,0.3,0.21,100.0,0,0,100,9.79,36.74,318.97,45.73,319.79,35.73,319.09,49.68,46.294625,71.778193,134.41003,1020.2754
1.12,90,1000.9,0.0,0.28,100.0,0,0,100,78.32,35.97,318.65,44.64,318.6,34.88,316.25,48.24,32.534323,64.64585,147.76675,2046.7212
1.02,87,1001.9,0.0,0.21,100.0,0,3,100,124.6,37.97,317.69,45.12,317.91,34.62,315.0,50.04,20.135863,59.905494,163.01011,1770.4435
1.07,84,1002.3,0.0,0.07,100.0,0,0,100,161.98,38.72,317.26,45.87,317.54,35.13,314.17,51.12,13.6968,58.171065,179.55167,1479.5331
1.86,74,1002.7,0.0,0.07,100.0,0,60,100,194.91,39.46,324.28,46.93,325.94,36.37,324.26,51.48,19.553826,59.71062,196.13685,1197.0767
2.35,74,1003.7,0.1,0.14,100.0,0,69,100,215.38,40.35,325.18,48.33,326.55,37.16,324.46,51.84,31.80585,64.284634,211.48668,1779.7003
1.9,72,1004.8,0.2,0.14,100.0,0,65,100,240.3,41.35,324.93,49.82,326.2,38.67,324.09,53.64,45.533375,71.291532,224.96626,2084.9414
1.83,70,1004.8,0.2,0.14,100.0,0,64,100,207.37,39.6,323.13,47.46,324.26,36.66,321.78,50.76,59.507561,79.939434,236.5258,366.52784
1.31,69,1005.6,0.1,0.07,100.0,0,52,100,130.83,39.19,321.34,47.81,322.96,36.55,320.19,50.4,121.63592,127.97644,247.69716,37.264069
-3.58,93,1016.7,0.0,0.0,100.0,0,0,100,0.0,40.78,312.14,46.84,314.38,40.49,313.2,50.04,60.429995,80.424097,122.63029,612.4965
-3.44,92,1016.8,0.0,0.0,100.0,0,0,100,13.35,41.86,310.82,47.37,313.15,41.05,311.8,52.56,46.275239,71.566938,134.21253,1516.1773
-2.04,89,1017.6,0.0,0.0,100.0,0,0,100,155.75,45.36,312.43,49.9,313.83,44.83,313.05,54.0,32.469073,64.406196,147.60095,2128.6253
-0.62,81,1017.0,0.0,0.0,33.0,0,0,33,313.28,49.55,319.71,52.74,321.1,48.63,321.01,56.88,19.982686,59.640378,162.89674,2607.9262
0.15,78,1016.6,0.0,0.0,15.0,0,0,15,302.6,53.03,325.23,56.31,326.21,52.12,325.98,59.04,13.430535,57.890485,179.50996,2741.3694
1.62,61,1017.6,0.0,0.0,10.0,0,0,10,234.07,48.14,332.86,49.75,333.81,46.05,334.04,54.36,19.317454,59.422163,196.12655,1843.9107
3.29,51,1016.7,0.0,0.0,10.0,0,0,10,527.77,48.31,332.48,50.07,333.07,47.01,333.63,55.08,31.674525,64.014859,211.58263,1555.8217
3.43,53,1016.4,0.0,0.0,10.0,0,0,10,501.96,45.83,327.18,47.85,328.22,43.96,328.39,51.48,45.432519,71.033324,225.09076,1418.3475
2.82,58,1016.6,0.0,0.0,41.0,0,0,41,223.39,44.83,325.8,47.63,327.03,42.94,326.98,49.68,59.479207,79.726485,236.71346,325.89532
0.03,86,1014.9,0.3,0.0,100.0,0,100,100,0.0,31.0,282.75,37.11,284.04,31.44,283.24,36.0,60.438692,80.234163,122.4131,109.07939
-0.02,86,1013.9,0.3,0.0,100.0,0,100,100,9.79,29.96,274.13,33.99,275.47,29.22,273.53,38.88,46.253147,71.349955,134.0143,232.56139
1.44,79,1013.6,0.3,0.0,100.0,0,100,100,73.87,32.43,272.54,35.01,274.13,31.35,272.63,39.96,32.40125,64.160846,147.43533,696.74
2.38,72,1012.4,0.1,0.0,100.0,0,100,100,195.8,37.81,268.91,39.97,268.97,36.39,267.73,47.52,19.826606,59.36976,162.785,424.49561
2.74,73,1010.6,0.0,0.0,100.0,0,100,100,312.39,45.74,268.2,48.67,267.03,44.35,266.74,54.36,13.160088,57.604906,179.47171,162.37921
2.88,82,1008.8,0.3,0.14,100.0,0,100,100,187.79,49.76,250.12,56.13,250.52,50.69,249.63,59.04,19.135323,59.143466,196.20988,1199.4147
4.52,75,1007.0,0.4,0.0,100.0,0,42,100,236.74,52.97,260.22,57.23,260.95,52.62,260.15,56.88,31.479666,63.712438,211.6126,344.17139
3.51,81,1006.8,0.2,0.0,100.0,0,100,100,227.84,51.84,270.0,55.8,270.0,50.76,269.59,53.28,45.362445,70.786411,225.24875,662.075
4.82,77,1005.3,0.3,0.0,100.0,0,100,100,236.74,47.47,276.53,51.49,276.83,46.71,276.19,51.12,59.532164,79.563047,236.96753,136.57458
5.33,76,1004.8,0.0,0.0,43.0,0,43,25,317.73,48.47,285.07,51.78,284.91,47.24,284.57,52.92,108.32456,116.88234,215.13356,38.921569
-0.67,93,1007.9,0.1,0.21,100.0,0,0,100,0.0,40.93,320.71,47.24,322.43,41.27,321.73,50.4,60.444631,80.038564,122.19472,214.66867
-0.78,93,1008.1,0.0,0.21,100.0,0,0,100,10.68,39.22,316.49,44.13,318.64,38.75,318.01,44.64,46.228438,71.127335,133.81536,435.98026
-0.22,87,1008.3,0.0,0.28,100.0,0,0,100,110.36,39.71,315.0,43.04,316.69,38.7,315.75,44.64,32.330991,63.909899,147.26989,540.26354
0.54,82,1008.1,0.0,0.07,85.0,0,0,85,278.57,38.95,313.88,40.48,314.64,37.93,314.62,43.92,19.667821,59.093739,162.6749,609.03444
1.41,81,1007.8,0.0,0.0,83.0,0,0,83,423.64,38.2,313.47,39.72,313.53,36.92,313.81,43.56,12.885606,57.314435,179.43696,1231.1073
3.11,83,1004.3,0.1,0.14,78.0,0,0,78,298.15,37.92,289.98,43.83,289.18,37.69,287.22,48.6,18.92766,58.853769,196.25404,1338.748
3.79,80,1003.3,0.0,0.07,100.0,0,0,100,231.4,40.35,285.52,47.33,284.99,41.04,283.18,51.12,31.421212,63.465959,211.79247,1533.5819
4.08,80,1003.0,0.0,0.0,100.0,0,0,100,270.56,42.35,284.27,50.03,283.74,43.85,282.32,51.84,45.282242,70.530584,225.39924,274.12224
3.5,82,1001.6,0.0,0.14,91.0,0,0,91,205.59,44.4,288.43,52.49,287.57,44.9,285.82,54.0,59.375875,79.259153,237.06142,209.04958
-4.33,92,1010.1,0.0,0.0,70.0,0,0,70,167.32,54.4,346.61,61.43,348.16,53.97,346.89,64.8,32.258436,63.653454,147.10466,61.186944
-2.87,87,1009.8,0.0,0.0,100.0,0,0,100,239.41,61.18,353.92,66.88,354.75,61.11,354.59,66.24,19.506537,58.812419,162.56645,37.113781
-2.28,83,1009.6,0.1,0.0,88.0,0,0,88,217.16,59.89,356.21,64.9,356.82,59.13,356.86,64.08,12.60724,57.019174,179.4057,44.916886
-1.54,70,1010.7,0.1,0.0,100.0,0,0,100,241.19,53.46,8.13,56.88,9.1,52.85,9.01,57.24,18.721458,58.560135,196.30333,63.474352
-0.75,65,1011.2,0.1,0.0,100.0,0,6,100,374.69,55.92,11.89,59.39,12.6,55.64,12.33,59.76,30.544968,62.841885,211.10917,11.048742
-1.28,66,1011.8,0.0,0.0,100.0,0,10,100,440.55,55.63,15.39,58.8,15.99,55.04,15.95,61.92,45.161802,70.236172,225.53255,3.5764493
-3.39,93,1020.5,0.0,0.21,100.0,0,0,100,140.62,45.32,353.16,49.84,355.44,45.6,354.11,52.92,32.183729,63.391612,146.93965,0.009444444
-2.0,83,1020.0,0.0,0.0,100.0,0,0,100,257.21,48.97,0.84,52.59,1.96,48.98,1.68,58.68,12.325154,56.719231,179.37797,199.56072
-1.15,72,1020.7,0.0,0.0,100.0,0,0,100,226.95,50.06,7.02,53.81,8.08,49.54,8.78,60.12,18.517028,58.262676,196.35775,621.0319
-0.47,63,1020.4,0.0,0.0,98.0,0,0,98,271.45,47.2,7.45,50.72,9.4,46.76,9.75,58.32,31.181577,62.905312,212.02621,1270.4655
0.44,54,1020.1,0.0,0.0,59.0,0,0,59,260.77,52.32,10.3,56.55,11.38,51.9,12.01,59.76,45.132854,70.012901,225.71852,378.96399
0.35,55,1019.2,0.0,0.0,100.0,0,0,100,232.29,49.07,3.79,52.77,5.09,48.14,6.01,57.6,59.406217,78.86659,237.52286,155.8639
0.36,55,1018.9,0.0,0.0,41.0,0,0,41,186.01,49.35,2.09,54.82,3.39,49.09,4.21,57.24,71.2682,86.993045,246.27917,16.274753
-4.02,92,1017.4,0.1,0.28,100.0,0,0,100,0.0,38.98,338.89,43.26,341.57,39.06,340.06,42.84,60.56588,79.500057,121.44417,60.412381
-3.82,92,1018.1,0.1,0.21,100.0,0,0,100,13.35,34.86,343.81,38.07,346.88,34.23,345.38,39.96,46.139505,70.426622,133.21466,213.16447
-3.09,91,1018.8,0.1,0.21,100.0,0,0,100,105.02,32.14,4.5,34.03,6.07,31.85,5.84,36.0,32.107017,63.124478,146.77487,411.75982
-2.66,77,1018.7,0.0,0.07,84.0,0,0,84,187.79,27.61,12.04,28.04,12.61,26.98,13.11,30.6,19.17733,58.234292,162.35456,946.81661
-1.64,62,1018.1,0.0,0.0,10.0,0,0,10,351.55,29.66,10.49,30.15,11.71,29.09,12.14,35.64,12.039518,56.414712,179.35378,770.66778
-4.53,93,1021.0,0.4,0.21,100.0,4,2,100,0.0,28.45,1.45,31.01,3.33,28.46,2.17,34.92,60.561577,79.28291,121.22141,0.22459016
-3.84,92,1021.3,0.3,0.28,100.0,2,0,100,18.69,32.56,5.71,36.05,8.62,32.64,6.97,33.12,46.087246,70.172966,133.03046,65.507917
-3.47,87,1021.4,0.2,0.14,100.0,2,1,100,149.52,32.36,25.71,33.81,26.57,32.52,26.28,30.6,32.028452,62.852156,146.61033,69.335871
-2.61,75,1021.7,0.1,0.0,100.0,2,39,100,283.02,29.52,30.0,30.32,29.91,29.52,30.0,28.08,19.009858,57.937698,162.25112,179.29113
-1.77,70,1022.0,0.0,0.0,75.0,0,75,74,362.23,28.26,34.09,28.56,33.69,28.06,33.49,28.08,11.750513,56.105725,179.33314,509.22694
-0.1,64,1020.2,0.0,0.0,100.0,0,92,100,453.01,30.93,39.81,31.39,40.82,29.87,40.6,32.04,18.114796,57.656717,196.48209,426.59295
0.41,60,1019.8,0.0,0.0,100.0,0,0,100,445.89,29.55,43.03,30.04,45.0,28.77,44.49,30.24,30.957074,62.333789,212.2838,411.4492
0.89,57,1020.5,0.0,0.0,100.0,0,0,100,432.54,25.96,45.0,26.23,46.67,25.21,46.74,26.28,44.99878,69.487848,226.06199,267.54383
1.19,56,1020.0,0.0,0.0,100.0,0,0,100,369.35,21.39,46.36,21.41,47.73,20.66,48.53,25.2,59.332379,78.388854,237.91803,63.384136
1.16,57,1020.0,0.0,0.0,100.0,0,0,100,305.27,15.99,54.16,16.38,56.66,16.18,57.72,21.24,70.202751,85.834763,245.95534,0.16192283
-5.05,86,1029.5,0.0,0.0,0.0,0,0,0,0.0,0.8,206.57,10.74,39.56,2.55,188.13,7.56,60.554806,79.060556,120.9977,132.23905
-4.29,83,1030.0,0.0,0.0,0.0,0,0,0,24.03,2.41,243.43,6.44,26.57,2.74,203.2,8.28,46.068839,69.933108,132.8112,205.54818
0.07,63,1029.3,0.0,0.0,0.0,0,0,0,181.56,3.55,293.96,3.6,306.87,2.41,296.57,4.68,31.948186,62.574755,146.44604,315.97245
1.43,54,1027.4,0.0,0.0,0.0,0,0,0,343.54,10.85,354.29,11.17,358.15,11.16,360.0,13.32,18.840791,57.636227,162.14937,552.13038
1.9,49,1027.4,0.0,0.0,0.0,0,0,0,472.59,19.11,3.24,18.42,4.48,18.06,4.57,21.96,11.458332,55.79238,179.31607,492.32998
1.93,60,1026.6,0.0,0.0,0.0,0,0,0,556.25,19.49,25.14,20.45,26.11,18.51,26.57,24.12,17.917675,57.34844,196.55202,552.04514
3.28,58,1025.6,0.0,0.0,0.0,0,0,0,585.62,20.01,30.26,21.57,33.42,19.77,33.11,23.4,30.850943,62.044221,212.42152,408.28072
3.9,59,1025.3,0.0,0.0,0.0,0,0,0,560.7,21.37,32.62,23.48,35.64,21.18,35.31,25.56,44.937703,69.222806,226.2427,263.97289
3.74,64,1024.5,0.0,0.0,0.0,0,0,0,483.27,22.07,28.24,24.2,30.38,21.92,29.51,27.0,59.301071,78.148315,238.12414,101.51705
3.17,69,1024.9,0.0,0.0,100.0,0,0,100,362.23,24.34,29.22,28.09,30.84,24.2,30.38,35.28,70.311995,85.69914,246.25855,0.36510417
-4.38,71,1029.7,0.0,0.0,0.0,0,0,0,0.0,21.79,157.67,38.65,152.24,19.97,152.05,38.16,60.545635,78.833095,120.77307,760.53663
-2.93,80,1029.0,0.0,0.0,1.0,0,0,1,25.81,28.41,157.66,39.95,155.51,26.47,157.62,43.92,46.030393,69.678753,132.60863,1800.9321
-0.72,83,1029.1,0.0,0.0,74.0,0,0,74,188.68,33.25,160.39,42.14,160.02,32.11,160.35,44.28,31.866378,62.292384,146.28199,2446.9025
0.85,73,1028.0,0.0,0.0,28.0,0,0,28,351.55,35.57,158.63,43.45,158.11,34.09,158.31,44.64,18.670376,57.329988,162.04929,2848.8113
2.27,68,1026.9,0.0,0.0,2.0,0,0,2,482.38,34.65,156.1,40.94,156.14,32.71,155.97,39.96,11.163179,55.474787,179.30256,3042.2762
4.24,55,1024.3,0.0,0.0,0.0,0,0,0,567.82,37.87,155.87,42.4,156.48,39.15,155.56,41.4,17.72369,57.036781,196.62714,2976.7425
4.91,53,1023.9,0.0,0.0,0.0,0,0,0,598.08,37.04,154.68,41.24,155.22,38.32,154.4,38.52,30.749122,61.752262,212.56517,2661.2573
4.9,54,1023.8,0.0,0.0,0.0,0,0,0,573.16,38.32,153.19,42.66,153.43,39.29,152.73,38.88,44.880709,68.95622,226.42934,2012.8759
4.85,59,1023.9,0.0,0.0,0.0,0,0,0,493.95,36.39,152.93,41.38,153.66,36.4,151.66,38.16,59.273549,77.906777,238.33586,419.42047
4.86,61,1023.9,0.0,0.0,0.0,0,0,0,371.13,34.95,155.02,40.76,155.47,34.94,153.7,38.16,71.941767,86.629549,247.64848,32.106884
-2.78,92,1026.8,0.2,0.0,100.0,0,0,100,0.0,39.96,161.08,49.18,160.77,39.17,162.9,49.68,60.534132,78.600632,120.54755,37.861475
-2.17,88,1027.2,0.1,0.0,100.0,0,0,100,28.48,40.64,161.4,48.73,161.03,39.52,163.05,48.96,45.990011,69.419477,132.40552,119.46945
-0.79,79,1026.7,0.1,0.0,100.0,0,0,100,187.79,42.92,161.41,48.04,162.11,41.69,163.44,45.0,31.783186,62.005155,146.1182,354.87786
0.54,74,1026.1,0.0,0.0,76.0,9,18,76,351.55,41.9,162.5,45.1,163.3,40.7,164.61,42.84,18.498871,57.019093,161.9509,1608.7156
2.17,68,1024.9,0.0,0.0,100.0,29,100,21,471.7,39.05,161.73,41.1,162.68,37.59,163.3,38.88,10.865273,55.153058,179.29264,1798.4442
4.07,70,1024.5,0.0,0.0,0.0,0,0,0,565.15,35.94,169.03,37.35,169.45,36.64,169.24,38.16,17.533211,56.721853,196.70746,2201.482
5.04,65,1023.6,0.0,0.0,2.0,0,0,2,596.3,33.04,168.69,34.39,169.75,33.68,169.53,32.76,30.651784,61.458021,212.71474,2514.8261
5.76,62,1022.6,0.0,0.0,5.0,0,5,0,572.27,30.74,166.45,32.14,167.05,31.79,166.91,29.16,44.827873,68.688188,226.62186,1983.4115
6.22,60,1022.0,0.0,0.0,100.0,35,100,0,488.61,28.83,164.05,29.87,164.62,29.52,164.44,23.76,59.249843,77.664324,238.5531,454.60693
6.11,60,1021.9,0.0,0.0,100.0,0,100,0,347.1,27.32,161.57,28.46,161.57,28.46,161.57,20.52,71.715273,86.254461,247.71468,38.520397
0.71,92,1022.8,0.1,0.0,100.0,58,100,100,0.0,22.61,170.84,31.43,170.11,23.68,171.25,27.72,60.520368,78.363271,120.3212,306.21257
1.46,87,1022.6,0.1,0.0,100.0,28,100,100,18.69,23.98,172.23,29.07,172.17,23.98,172.23,26.28,45.947799,69.155392,132.2019,810.41608
2.79,81,1022.1,0.0,0.0,100.0,0,100,100,114.81,25.46,171.87,28.31,172.69,25.76,172.78,28.44,31.698771,61.71318,145.95465,1653.5456
3.97,76,1021.7,0.0,0.0,100.0,0,100,100,217.16,26.12,172.87,28.62,173.5,26.44,173.75,23.4,18.326542,56.703653,161.85418,2594.6142
5.03,72,1020.8,0.0,0.0,100.0,0,100,100,359.56,25.62,175.97,27.04,176.95,25.6,176.78,20.16,10.564848,54.827305,179.2863,2495.5364
4.71,72,1020.7,0.0,0.0,100.0,1,100,100,320.4,18.25,165.14,19.65,166.22,17.81,165.96,18.36,17.346619,56.403771,196.79298,2034.5494
4.88,70,1020.4,0.0,0.0,100.0,0,100,100,334.64,16.85,160.02,18.21,161.57,16.74,161.18,15.48,30.559094,61.16161,212.87022,349.33594
5.12,68,1019.3,0.0,0.0,100.0,0,100,100,313.28,15.73,164.05,16.77,165.07,15.63,165.32,13.32,44.779269,68.41881,226.82022,508.95105
5.66,67,1019.6,0.0,0.0,100.0,4,100,100,276.79,15.28,164.98,16.24,167.2,14.84,165.96,11.88,59.229979,77.421041,238.7758,81.15272
-1.2,95,1021.8,0.0,0.0,52.0,20,52,22,0.0,10.11,184.09,15.19,185.44,10.81,181.91,11.16,60.504413,78.12112,120.09403,524.29145
0.28,92,1022.3,0.0,0.0,54.0,16,36,54,34.71,10.46,183.95,13.76,186.01,9.01,182.29,10.08,45.903862,68.88661,131.99778,1511.2741
3.02,79,1020.3,0.0,0.0,55.0,1,55,0,199.36,8.65,196.93,8.31,197.65,7.86,195.95,6.12,31.613296,61.416573,145.79136,2160.7512
5.11,71,1019.9,0.0,0.0,30.0,0,30,0,359.56,3.83,221.19,3.32,220.6,3.1,215.54,2.52,18.153666,56.383784,161.75915,2625.0994
6.62,64,1019.5,0.0,0.0,83.0,0,4,83,486.83,2.41,206.57,2.6,213.69,2.41,206.57,3.96,10.262157,54.497644,179.28357,2183.5018
8.43,55,1019.2,0.0,0.0,0.0,0,0,0,566.04,12.62,183.27,12.98,183.18,14.04,181.47,10.8,17.164309,56.08265,196.88371,1644.59
8.64,57,1018.5,0.0,0.0,10.0,0,0,10,364.9,7.42,165.96,8.21,164.74,9.0,163.74,7.56,30.47122,60.86314,213.03158,532.01389
9.8,55,1018.8,0.0,0.0,16.0,0,0,16,257.21,2.62,164.05,2.9,150.26,3.4,147.99,5.4,44.734969,68.148187,227.02437,149.70222
9.69,54,1018.4,0.0,0.0,16.0,0,0,16,218.94,1.61,296.57,1.3,326.31,1.14,341.57,5.04,59.213982,77.177015,239.00388,12.351344
8.38,55,1017.9,0.0,0.0,30.0,0,0,30,176.22,5.0,300.26,4.69,302.47,4.39,304.99,7.2,71.143495,85.405311,247.77644,1.2752137
0.08,96,1024.9,0.0,0.0,100.0,0,0,100,0.0,5.59,165.07,3.1,144.46,6.49,176.82,1.8,60.48634,77.874288,119.8661,718.82787
-0.15,93,1024.9,0.0,0.0,100.0,0,0,100,32.04,7.9,210.07,8.21,232.13,10.69,212.62,7.2,45.858307,68.613245,131.79317,1726.4683
3.26,74,1024.1,0.0,0.0,0.0,0,0,0,201.14,6.29,256.76,8.12,257.2,7.29,249.78,12.24,31.526925,61.11545,145.62832,2344.2967
5.63,64,1022.9,0.0,0.0,0.0,0,0,0,364.01,8.67,274.76,9.01,272.29,8.65,272.39,13.68,17.980527,56.059599,161.66579,2748.0358
7.25,56,1021.1,0.0,0.0,10.0,0,0,10,488.61,15.55,275.31,16.58,272.49,15.48,271.33,18.36,9.957474,54.164189,179.28444,2909.5366
8.42,53,1021.0,0.0,0.0,3.3,11,0,0,574.94,21.19,279.78,22.55,278.26,20.01,278.28,25.92,16.986686,55.758609,196.97967,2774.0572
8.94,49,1020.1,0.0,0.0,6.6,22,0,0,601.64,23.75,284.04,25.5,283.06,22.18,283.13,28.44,30.388322,60.562727,213.19882,2125.9102
8.85,45,1019.8,0.0,0.0,0.9,3,0,0,582.06,24.37,282.8,26.9,282.36,23.58,282.34,30.24,44.695039,67.876421,227.23425,650.15667
8.65,50,1020.4,0.0,0.0,0.0,0,0,0,504.63,23.66,283.19,26.2,282.7,22.53,282.93,31.32,59.201875,76.932332,239.23726,89.000525
8.12,54,1020.3,0.0,0.0,1.8,6,0,0,387.15,23.58,282.34,26.83,281.61,22.73,280.95,31.32,71.336983,85.314944,248.1504,1.1058824
-0.4,95,1022.3,0.0,0.0,34.0,0,34,7,0.0,22.17,302.4,33.09,300.75,28.09,300.84,29.88,60.466218,77.622885,119.63743,380.55369
3.02,71,1021.3,0.0,0.0,100.0,0,36,100,31.15,20.27,303.41,26.06,302.59,23.86,303.93,30.24,45.811238,68.33541,131.58809,963.70243
4.93,57,1021.8,0.0,0.0,100.0,0,39,100,158.42,21.87,302.91,25.87,301.92,24.46,302.99,30.6,31.439818,60.809929,145.46554,734.79313
6.69,55,1020.4,0.0,0.0,100.0,0,90,100,322.18,21.65,312.98,23.69,313.15,22.92,313.73,24.84,17.886811,55.752561,161.46441,785.81806
8.38,50,1019.0,0.0,0.0,7.0,0,7,0,480.6,18.4,300.58,19.83,299.36,19.2,300.41,29.88,9.6510943,53.827061,179.28894,1011.2157
8.72,60,1018.1,0.0,0.0,100.0,86,100,0,466.36,21.86,287.24,22.9,286.44,20.28,286.5,29.16,16.814173,55.431768,197.08085,943.20981
9.14,61,1016.7,0.0,0.0,100.0,100,100,0,420.08,21.54,279.62,22.2,278.39,19.65,278.43,32.76,30.310562,60.260488,213.37192,704.87833
10.14,55,1016.1,0.0,0.0,100.0,100,100,0,388.04,23.93,285.71,25.96,286.93,22.55,286.7,34.92,44.546854,67.536977,227.35129,298.18582
9.84,57,1015.2,0.0,0.0,100.0,100,100,0,360.45,28.15,290.98,32.62,292.04,27.61,292.22,36.72,59.19368,76.687081,239.47587,91.135834
9.16,61,1015.4,0.0,0.0,100.0,100,100,1,286.58,29.95,295.64,36.71,295.56,29.95,295.64,39.96,71.168361,84.963397,248.27367,84.115943
4.41,91,1012.8,0.2,0.0,100.0,0,10,100,0.0,28.77,315.51,39.46,314.63,30.04,314.03,35.64,60.444115,77.367023,119.40808,222.8959
4.8,89,1013.3,0.1,0.0,100.0,0,0,100,29.37,28.02,317.08,36.42,317.0,28.27,316.55,33.48,45.762758,68.053223,131.38256,495.7582
5.29,86,1014.4,0.0,0.0,10.0,0,0,10,200.25,28.04,318.12,35.16,317.49,28.55,318.07,32.76,31.352136,60.500127,145.30302,513.90689
5.76,82,1014.6,0.0,0.0,0.0,0,0,0,354.22,28.55,318.07,35.19,318.32,28.82,318.54,32.76,17.634639,55.398755,161.48411,637.55228
6.35,80,1014.0,0.0,0.0,0.0,0,0,0,494.84,27.8,318.67,33.7,319.33,28.08,319.16,31.68,9.3433409,53.486378,179.29707,641.52067
7.29,79,1014.8,0.1,0.0,100.0,0,0,100,550.91,26.96,325.89,30.26,325.18,26.37,325.01,30.6,16.647204,55.10225,197.18729,1730.8477
7.37,81,1014.7,0.1,0.0,100.0,0,0,100,473.48,24.41,322.79,26.71,322.67,23.62,322.43,24.84,30.238099,59.956541,213.55085,2107.1092
8.52,73,1014.1,0.1,0.0,40.0,0,0,40,539.34,25.08,320.83,27.89,320.76,24.29,320.41,27.36,44.628559,67.329881,227.67104,294.9493
8.79,72,1014.3,0.0,0.0,9.0,0,0,9,504.63,24.99,318.5,28.35,319.64,24.49,318.58,27.0,59.189419,76.441353,239.71964,49.494442
8.74,71,1015.0,0.0,0.0,35.0,0,0,35,388.04,24.72,317.95,29.06,318.01,24.49,318.58,29.52,71.18563,84.741259,248.52947,3.2892303
2.93,94,1021.2,0.0,0.0,100.0,100,16,100,0.0,9.0,323.13,12.26,319.76,9.0,323.13,10.08,60.420097,77.106811,119.17807,20.289321
3.23,91,1021.5,0.0,0.0,100.0,33,24,100,20.47,9.09,326.31,10.51,321.95,8.29,325.62,12.6,45.712965,67.766798,131.17662,119.6423
4.31,85,1022.2,0.0,0.0,100.0,0,0,100,97.9,10.25,341.57,10.5,337.83,9.35,344.36,13.68,31.264039,60.186163,145.14076,202.60269
4.67,85,1022.0,0.0,0.0,100.0,0,0,100,167.32,12.32,353.29,12.43,349.99,11.61,352.87,15.12,17.462499,55.062333,161.3958,213.51918
4.86,85,1021.7,0.0,0.0,100.0,0,0,100,251.87,13.32,360.0,13.32,360.0,12.6,360.0,16.56,9.0345661,53.142263,179.30886,325.59282
5.15,78,1023.0,0.0,0.0,100.0,75,97,100,338.2,15.27,351.87,16.3,353.66,14.87,353.05,17.28,16.486225,54.77018,197.29898,689.46341
6.12,72,1021.9,0.0,0.0,100.0,2,100,70,492.17,14.56,351.47,15.23,353.21,14.11,354.14,15.84,30.171091,59.651009,213.73562,455.77683
7.2,65,1021.1,0.0,0.0,100.0,0,100,0,543.79,14.35,342.47,14.69,342.9,13.66,341.57,14.4,44.530209,67.013699,227.83351,1116.084
8.0,59,1020.4,0.0,0.0,100.0,0,100,14,486.83,13.44,339.62,14.0,342.03,12.98,340.56,14.76,59.189113,76.195243,239.96848,188.75389
7.65,58,1019.7,0.0,0.0,50.0,0,50,9,328.41,15.32,336.45,16.12,336.3,14.99,335.9,25.56,71.206166,84.518498,248.78993,7.3594994
-1.3,94,1030.5,0.1,0.49,100.0,0,0,100,32.93,36.45,20.22,41.74,23.91,36.57,20.75,51.48,45.661957,67.476251,130.97027,16.747443
-0.05,88,1031.2,0.0,0.35,100.0,0,0,100,147.74,40.9,27.24,44.65,29.46,41.23,28.13,52.2,31.175681,59.868154,144.97879,747.95484
1.07,79,1031.4,0.0,0.0,54.0,0,0,54,219.83,45.23,33.31,48.43,34.4,45.13,33.94,54.36,17.291314,54.722071,161.3092,896.17405
2.05,74,1030.6,0.0,0.0,40.0,0,0,40,293.7,48.13,34.64,51.56,35.91,48.25,35.59,50.76,8.7251556,52.794839,179.32433,1299.9747
3.5,66,1030.4,0.0,0.0,100.0,0,0,100,404.95,52.78,36.4,56.09,36.65,52.99,36.71,50.04,16.331693,54.435686,197.41596,2501.3443
3.93,61,1030.7,0.0,0.0,10.0,0,0,10,458.35,53.07,36.17,56.67,36.21,53.86,36.03,51.84,30.109689,59.344016,213.92621,2067.4558
4.53,60,1030.5,0.0,0.0,5.0,0,0,5,460.13,52.07,37.98,54.82,38.6,52.29,38.29,54.72,44.58035,66.780056,228.1302,402.96303
4.39,62,1030.4,0.0,0.0,5.0,0,0,5,529.55,49.93,38.85,52.74,38.9,49.93,38.85,47.88,59.192783,75.948844,240.22232,31.680455
4.17,64,1031.3,0.0,0.0,100.0,0,0,100,397.83,47.02,37.22,50.33,37.44,46.51,37.14,47.52,73.01505,85.569728,250.30829,6.7550505
-2.92,95,1036.6,0.0,0.0,100.0,0,0,100,0.0,11.54,3.58,11.84,19.54,10.8,360.0,16.92,60.366572,76.573783,118.71627,81.04899
-2.79,94,1037.3,0.0,0.0,100.0,0,0,100,32.04,7.99,352.23,7.52,16.7,7.28,351.47,12.96,45.570663,67.159374,130.7992,214.27725
1.66,68,1036.7,0.0,0.0,100.0,0,36,100,189.57,4.21,340.02,3.67,11.31,4.1,344.74,11.16,31.087218,59.54622,144.81711,388.70286
6.84,51,1035.1,0.0,0.0,45.0,0,45,0,387.15,0.72,360.0,0.72,90.0,0.0,180.0,6.12,17.12141,54.378088,161.22432,503.07919
7.41,51,1034.1,0.0,0.0,0.0,0,0,0,514.42,5.12,129.29,6.13,130.24,5.35,132.27,10.8,8.4155326,52.444228,179.34351,428.09654
5.64,48,1033.1,0.0,0.0,100.0,0,100,100,446.78,7.7,52.59,8.09,57.72,8.29,55.62,9.72,16.184077,54.098895,197.53824,650.36148
2.89,66,1032.8,0.0,0.0,100.0,0,100,100,279.46,8.64,90.0,9.36,90.0,9.37,87.8,10.8,30.054042,59.035686,214.1226,751.18134
1.22,92,1034.0,0.4,0.49,100.0,0,100,100,129.05,6.95,111.25,7.57,115.35,6.03,107.35,10.8,44.563251,66.50419,228.36805,715.04669
2.12,90,1032.8,0.5,0.63,100.0,0,100,100,113.03,10.32,119.25,10.99,121.61,9.51,119.48,15.84,59.200449,75.702251,240.48109,245.03425
3.47,80,1031.5,0.2,0.0,100.0,0,100,100,143.29,14.02,119.2,15.99,121.18,14.34,118.5,17.64,73.116679,85.401622,250.62786,21.344653
-1.56,95,1034.9,0.0,0.0,0.0,0,0,0,0.0,16.62,175.03,31.61,165.49,14.42,177.14,27.0,60.337189,76.301187,118.48457,729.90932
0.47,88,1034.3,0.0,0.0,0.0,0,0,0,51.62,14.83,174.43,28.04,167.39,10.85,174.29,24.12,45.556679,66.883249,130.55647,1783.8262
3.92,71,1034.0,0.0,0.0,0.0,0,0,0,228.73,17.73,167.09,20.08,165.47,16.77,165.07,22.68,30.998803,59.220476,144.65573,2390.095
5.24,63,1032.5,0.0,0.0,0.0,0,0,0,393.38,19.05,157.8,19.86,157.62,18.25,157.99,17.64,16.953118,54.030502,161.14116,2804.8013
6.5,58,1030.7,0.0,0.0,0.0,0,0,0,524.21,16.42,154.0,16.9,153.43,15.94,154.59,14.4,8.1061629,52.090553,179.36642,2961.926
8.18,50,1029.4,0.0,0.0,0.0,0,0,0,606.98,11.28,163.3,11.62,163.81,10.83,164.58,11.52,16.043847,53.759932,197.66585,2867.343
9.02,48,1028.8,0.0,0.0,0.0,0,0,0,637.24,5.19,146.31,5.5,148.39,5.15,155.22,6.48,30.004293,58.726143,214.32479,2584.3651
9.74,46,1027.4,0.0,0.0,0.0,0,0,0,611.43,3.6,53.13,3.55,66.04,3.08,69.44,3.24,44.550898,66.227835,228.61135,2118.8114
10.08,46,1026.4,0.0,0.0,0.0,0,0,0,532.22,8.53,27.65,8.4,30.96,7.59,31.43,5.76,59.212126,75.455559,240.74472,680.90394
9.88,50,1025.8,0.0,0.0,100.0,0,0,100,411.18,10.38,33.69,10.3,36.47,9.79,36.03,7.56,73.202753,85.220757,250.93777,50.614814
0.51,85,1025.7,0.0,0.0,100.0,71,100,0,0.0,8.67,221.63,9.79,252.9,11.21,222.4,9.0,60.306144,76.024682,118.25238,564.36012
3.07,77,1024.9,0.0,0.0,100.0,100,100,0,48.06,7.15,220.91,10.66,258.31,6.92,218.66,9.72,45.502596,66.581022,130.34906,538.48395
6.21,66,1023.7,0.0,0.0,100.0,100,100,0,170.88,6.64,257.47,7.99,262.23,6.29,256.76,9.36,30.910589,58.89104,144.49465,946.53167
7.87,59,1022.1,0.0,0.0,100.0,100,100,100,254.54,11.28,286.7,12.52,288.43,11.28,286.7,13.68,16.786784,53.679432,161.05974,1643.1462
7.74,58,1021.3,0.0,0.0,100.0,100,100,100,221.61,15.46,294.78,16.78,292.71,14.51,293.39,16.56,7.7975623,51.733936,179.3931,1484.1412
8.21,47,1020.1,0.0,0.0,100.0,41,100,0,401.39,18.51,296.57,19.16,295.6,17.23,296.03,17.64,15.911479,53.418924,197.79881,1133.0727
7.62,52,1019.6,0.0,0.0,100.0,67,100,100,357.78,16.92,293.84,17.45,291.8,15.65,293.03,17.64,29.960574,58.415509,214.53277,433.32806
7.49,53,1018.9,0.0,0.0,100.0,0,100,100,275.01,14.49,284.38,14.69,281.31,13.28,282.53,17.28,44.54334,65.9511,228.86004,320.20786
7.85,53,1017.7,0.0,0.0,100.0,0,100,100,250.09,13.0,274.76,12.96,271.59,11.89,271.74,20.88,59.227825,75.208857,241.01311,220.395
8.09,52,1016.6,0.0,0.0,100.0,0,59,100,306.16,13.85,294.57,14.24,290.73,12.77,291.5,20.52,70.958149,83.362108,249.62314,0.26018519
1.79,95,1012.9,0.0,0.0,100.0,12,0,100,0.0,24.37,347.2,31.71,347.54,24.45,346.37,32.4,60.273501,75.744383,118.01975,319.17873
1.54,91,1013.4,0.0,0.0,100.0,10,0,100,52.51,23.8,342.39,29.97,343.96,23.59,344.05,32.04,45.447681,66.275133,130.14134,776.38526
2.22,79,1014.3,0.0,0.0,44.0,0,0,44,243.86,24.27,339.15,28.48,339.27,24.59,342.1,32.04,30.822731,58.558029,144.3339,1343.0145
3.6,69,1014.0,0.0,0.0,39.0,1,0,39,380.03,31.14,349.34,36.52,350.35,31.97,352.23,39.6,16.622763,53.324996,160.98007,2648.7486
3.99,66,1013.5,0.0,0.0,100.0,0,0,100,411.18,32.2,349.7,37.88,351.25,33.04,352.49,39.24,7.4903049,51.374496,179.42355,2977.094
6.8,61,1011.7,0.0,0.0,10.0,0,0,10,462.8,34.88,348.69,41.02,349.38,34.74,349.85,43.2,15.787446,53.075996,197.93713,2955.7583
7.08,51,1010.8,0.0,0.0,0.0,0,0,0,631.01,35.87,349.59,42.02,350.13,35.81,350.16,47.88,29.923007,58.103903,214.74652,2161.0413
6.69,51,1011.3,0.0,0.0,27.0,0,0,27,572.27,36.16,347.35,42.72,347.84,36.01,348.47,57.6,44.540618,65.674091,229.11408,2151.0257
7.05,49,1011.4,0.0,0.0,10.0,0,0,10,394.27,38.27,348.06,46.18,349.22,38.48,349.22,55.08,59.247552,74.962234,241.2862,782.56749
6.34,50,1011.6,0.0,0.0,17.0,0,0,17,329.3,36.22,349.7,44.15,350.61,36.46,350.91,57.6,73.759823,85.125796,251.83404,56.482041
5.74,52,1012.1,0.0,0.0,46.0,0,0,46,152.19,35.1,349.96,44.04,351.54,35.69,351.3,58.32,110.15015,112.03095,215.95507,299.88492
-2.85,92,1018.9,0.0,0.0,3.0,0,0,3,0.0,34.17,343.47,48.47,344.93,34.76,344.38,48.24,60.116696,75.375645,117.87772,806.81349
-1.8,85,1019.5,0.0,0.0,2.0,0,0,2,61.41,32.91,340.18,44.06,341.42,33.13,340.97,48.6,45.392031,65.965699,129.93332,1810.5113
0.21,72,1019.6,0.0,0.0,0.0,0,0,0,242.97,30.17,342.65,37.04,344.21,30.31,344.15,43.56,30.73539,58.221563,144.17345,2434.8074
2.31,60,1019.3,0.0,0.0,0.0,0,0,0,405.84,29.43,345.11,34.4,346.69,29.25,346.48,42.48,16.461426,52.967312,160.90215,2795.9993
3.99,50,1019.3,0.0,0.0,5.0,0,0,5,473.48,28.59,343.16,32.14,344.41,27.69,344.16,37.44,7.185034,51.012355,179.4578,2949.8806
6.68,59,1017.1,0.0,0.0,0.0,0,0,0,614.1,29.08,338.2,32.49,338.55,28.15,339.02,44.64,15.672217,52.731269,198.08084,2881.9097
7.82,57,1016.7,0.0,0.0,0.0,0,0,0,641.69,28.66,334.72,31.88,334.59,27.86,334.76,45.0,29.891703,57.791444,214.96602,1416.0774
8.77,57,1016.6,0.0,0.0,0.0,0,0,0,614.99,27.37,333.43,30.11,333.74,26.41,334.13,41.04,44.542764,65.396909,229.37341,424.62465
8.74,61,1016.1,0.0,0.0,100.0,0,0,100,490.39,25.46,331.26,29.48,331.56,24.97,331.59,39.6,59.271303,74.715773,241.5639,97.651824
8.18,68,1016.3,0.0,0.0,100.0,0,0,100,194.91,23.28,320.65,27.61,320.29,22.73,319.5,28.44,70.705885,82.675332,249.96227,0.063131313
2.26,99,1018.0,0.0,0.0,100.0,0,33,100,0.0,18.72,292.62,29.22,292.46,20.99,292.17,28.44,60.203709,75.17286,117.55327,66.971355
3.6,87,1018.1,0.0,0.0,49.0,0,49,10,72.09,21.42,294.84,29.97,294.1,23.54,293.43,29.52,45.335752,65.65284,129.72501,247.67075
5.79,77,1017.5,0.0,0.0,32.0,0,32,0,254.54,21.9,297.41,25.46,298.74,21.43,299.15,28.8,30.648726,57.881764,144.01332,329.8208
7.93,71,1016.2,0.0,0.0,43.0,0,43,0,410.29,23.07,304.19,24.77,305.54,22.1,307.06,29.16,16.303157,52.606502,160.82597,738.98194
9.31,66,1015.6,0.0,0.0,3.0,0,3,0,533.11,26.67,301.76,30.07,301.79,26.26,303.25,33.48,6.8824735,50.647634,179.49587,1851.771
10.18,70,1015.8,0.0,0.0,19.0,0,0,19,611.43,29.35,293.11,33.9,292.48,28.41,292.34,37.44,15.566252,52.384868,198.22994,1015.2933
10.6,70,1015.0,0.0,0.0,100.0,0,0,100,604.31,28.04,294.26,32.06,294.55,27.23,294.19,37.08,29.866758,57.478247,215.19125,219.2571
9.65,74,1014.9,0.0,0.0,36.0,0,0,36,345.32,28.75,292.07,33.9,292.48,28.28,291.67,40.32,44.549801,65.119656,229.63796,1059.0576
9.69,69,1014.4,0.0,0.0,10.0,0,0,10,307.94,31.77,289.87,39.06,289.94,32.11,289.65,45.0,59.29907,74.469555,241.84613,794.39164
9.59,66,1014.2,0.0,0.0,100.0,0,0,100,308.83,35.23,291.58,43.32,291.45,35.1,291.04,51.12,73.85743,84.694147,252.41428,44.838407
7.68,71,1015.1,0.0,0.0,100.0,0,0,100,262.55,37.48,301.25,47.11,300.29,37.29,300.77,49.68,110.33865,111.45143,216.06231,317.83056
-1.29,91,1027.5,0.0,0.0,100.0,0,0,100,0.0,36.16,316.61,45.06,315.97,37.94,316.15,50.4,59.983288,74.755694,117.45692,687.91423
-0.96,92,1027.4,0.0,0.0,100.0,0,0,100,49.84,37.17,315.0,45.31,315.0,38.44,315.38,47.16,45.278953,65.336683,129.51642,1602.8818
0.74,80,1028.2,0.0,0.0,100.0,0,0,100,224.28,38.75,318.01,45.12,317.91,40.3,318.62,47.52,30.562906,57.538755,143.85347,1379.7537
